{"cameraMode":{"drawMode":0,"name":"Shaded","section":"Shading Mode"},"sceneLighting":false,"audioPlay":false,"sceneViewState":{"showFog":true,"showMaterialUpdate":false,"showSkybox":true,"showFlares":true,"showImageEffects":true,"showParticleSystems":true},"in2DMode":false,"pivot":{"x":-0.2664302885532379,"y":-0.0380936898291111,"z":0.028401024639606477},"rotation":{"x":-0.14630866050720216,"y":0.49323412775993349,"z":-0.08457477390766144,"w":-0.8533235192298889},"size":1.2377495765686036,"orthographic":false}