{"cameraMode":{"drawMode":0,"name":"Shaded","section":"Shading Mode"},"sceneLighting":false,"audioPlay":false,"sceneViewState":{"showFog":true,"showMaterialUpdate":false,"showSkybox":true,"showFlares":true,"showImageEffects":true,"showParticleSystems":true},"in2DMode":false,"pivot":{"x":0.06319442391395569,"y":2.640000104904175,"z":1.8180441856384278},"rotation":{"x":0.2168700098991394,"y":-0.22886987030506135,"z":0.05238258093595505,"w":0.9475452899932861},"size":1.1461268663406373,"orthographic":true}