{"cameraMode":{"drawMode":0,"name":"Shaded","section":"Shading Mode"},"sceneLighting":false,"audioPlay":false,"sceneViewState":{"showFog":true,"showMaterialUpdate":false,"showSkybox":true,"showFlares":true,"showImageEffects":true,"showParticleSystems":true},"in2DMode":false,"pivot":{"x":-0.2664302885532379,"y":-0.0380936898291111,"z":0.028401024639606477},"rotation":{"x":-0.3353986442089081,"y":0.4613529145717621,"z":-0.1938716322183609,"w":-0.7981698513031006},"size":6.779231548309326,"orthographic":false}