{"cameraMode":{"drawMode":0,"name":"Shaded","section":"Shading Mode"},"sceneLighting":false,"audioPlay":false,"sceneViewState":{"showFog":true,"showMaterialUpdate":false,"showSkybox":true,"showFlares":true,"showImageEffects":true,"showParticleSystems":true},"in2DMode":false,"pivot":{"x":-1.546415090560913,"y":0.7291985750198364,"z":-0.5485913753509522},"rotation":{"x":0.08084826916456223,"y":-0.09522829949855805,"z":0.00776008702814579,"w":0.992136538028717},"size":11.942380905151368,"orthographic":false}