{"cameraMode":{"drawMode":0,"name":"Shaded","section":"Shading Mode"},"sceneLighting":false,"audioPlay":false,"sceneViewState":{"showFog":true,"showMaterialUpdate":false,"showSkybox":true,"showFlares":true,"showImageEffects":true,"showParticleSystems":true},"in2DMode":false,"pivot":{"x":-10.742757797241211,"y":-0.9243475198745728,"z":-11.316118240356446},"rotation":{"x":-0.031110860407352449,"y":-0.9681640267372131,"z":0.15555603802204133,"w":-0.19363100826740266},"size":10.879827499389649,"orthographic":false}