{"cameraMode":{"drawMode":0,"name":"Shaded","section":"Shading Mode"},"sceneLighting":false,"audioPlay":false,"sceneViewState":{"showFog":true,"showMaterialUpdate":false,"showSkybox":true,"showFlares":true,"showImageEffects":true,"showParticleSystems":true},"in2DMode":false,"pivot":{"x":1.0292986631393433,"y":0.13626813888549806,"z":0.38630247116088869},"rotation":{"x":-0.07280507683753967,"y":0.8095799088478088,"z":-0.10280498117208481,"w":-0.573333203792572},"size":4.068068981170654,"orthographic":false}