{"cameraMode":{"drawMode":0,"name":"Shaded","section":"Shading Mode"},"sceneLighting":false,"audioPlay":false,"sceneViewState":{"showFog":true,"showMaterialUpdate":false,"showSkybox":true,"showFlares":true,"showImageEffects":true,"showParticleSystems":true},"in2DMode":false,"pivot":{"x":0.60675048828125,"y":8.62208366394043,"z":-2.5640878677368166},"rotation":{"x":-0.046040017157793048,"y":0.3802686333656311,"z":-0.018954498693346978,"w":-0.9235349893569946},"size":32.34682846069336,"orthographic":false}